CustomerID,CustomerAge,CustomerGender,CustomerRegion
5822,69,Female,Dhaka
8375,43,Male,Dhaka
4763,39,Female,Khulna
1333,29,Male,Chittagong
4805,61,Male,Dhaka
7968,24,Male,Sylhet
8836,20,Male,Khulna
1608,20,Female,Dhaka
4110,57,Male,Khulna
6002,29,Female,Khulna
5385,70,Male,Rajshahi
2408,26,Female,Dhaka
5954,69,Female,Dhaka
1293,55,Male,Rajshahi
9048,68,Male,Dhaka
9691,46,Male,Sylhet
2774,45,Female,Dhaka
7513,38,Female,Khulna
6285,25,Male,Rajshahi
6312,42,Female,Dhaka
3169,47,Female,Dhaka
3909,33,Male,Khulna
3629,70,Female,Sylhet
6788,59,Male,Khulna
1981,28,Female,Sylhet
6262,33,Female,Chittagong
2254,30,Male,Dhaka
4995,38,Male,Khulna
8480,64,Female,Rajshahi
5243,37,Female,Rajshahi
4037,41,Male,Khulna
6187,59,Male,Khulna
5476,25,Male,Dhaka
4791,36,Male,Dhaka
8587,59,Female,Sylhet
3588,29,Male,Chittagong
6567,38,Female,Rajshahi
4030,18,Female,Sylhet
8132,28,Male,Rajshahi
4020,51,Male,Rajshahi
5873,44,Male,Chittagong
3890,21,Female,Chittagong
3879,52,Male,Khulna
7974,44,Female,Rajshahi
3353,42,Female,Chittagong
2089,27,Male,Dhaka
7000,29,Male,Khulna
1717,48,Male,Dhaka
6802,64,Female,Sylhet
3442,66,Male,Sylhet
4679,46,Male,Khulna
9651,33,Female,Chittagong
1927,42,Female,Rajshahi
3901,39,Female,Chittagong
3247,55,Female,Rajshahi
1888,18,Male,Dhaka
9301,36,Female,Dhaka
7217,18,Female,Sylhet
4984,68,Female,Khulna
5230,63,Female,Chittagong
7743,33,Male,Sylhet
5200,69,Male,Rajshahi
2548,36,Male,Dhaka
3307,20,Male,Dhaka
8866,33,Male,Chittagong
7947,20,Female,Rajshahi
7161,29,Female,Khulna
4479,65,Male,Dhaka
4025,21,Female,Sylhet
8286,26,Male,Khulna
4645,24,Female,Chittagong
2892,50,Female,Dhaka
5521,38,Female,Chittagong
7508,53,Female,Chittagong
1498,33,Male,Dhaka
5515,58,Female,Chittagong
6832,19,Female,Khulna
1479,56,Male,Khulna
7476,23,Male,Khulna
3577,53,Male,Khulna
5375,66,Female,Sylhet
9174,20,Male,Chittagong
3032,55,Female,Sylhet
5718,51,Female,Dhaka
2923,20,Male,Sylhet
4428,28,Female,Sylhet
9016,54,Male,Rajshahi
4712,61,Female,Khulna
2889,37,Male,Chittagong
4176,33,Female,Rajshahi
7793,68,Female,Rajshahi
4967,62,Female,Sylhet
7245,55,Male,Rajshahi
3606,29,Female,Sylhet
3719,25,Male,Dhaka
3269,52,Male,Rajshahi
5085,55,Female,Sylhet
9194,20,Female,Khulna
8797,53,Female,Dhaka
3379,41,Female,Khulna
7298,24,Male,Chittagong
1369,36,Female,Rajshahi
2614,56,Female,Chittagong
7111,46,Male,Sylhet
1302,19,Female,Sylhet
4385,38,Female,Dhaka
8833,60,Male,Rajshahi
4078,20,Male,Khulna
4693,59,Male,Rajshahi
9486,19,Male,Dhaka
9512,65,Male,Rajshahi
1195,22,Male,Rajshahi
2570,56,Female,Dhaka
7019,18,Female,Rajshahi
1039,35,Male,Dhaka
6561,47,Female,Khulna
2345,66,Female,Dhaka
2411,26,Female,Dhaka
3457,70,Female,Sylhet
3259,67,Male,Dhaka
9954,22,Female,Sylhet
7087,34,Male,Sylhet
7774,24,Male,Chittagong
8293,54,Female,Rajshahi
1913,42,Female,Sylhet
1442,68,Male,Khulna
7779,48,Female,Rajshahi
3337,51,Male,Sylhet
6049,26,Female,Sylhet
6141,50,Female,Sylhet
7445,41,Male,Dhaka
4322,27,Male,Sylhet
7865,45,Male,Khulna
9752,28,Male,Rajshahi
5009,53,Female,Dhaka
2880,19,Female,Rajshahi
1769,40,Female,Khulna
2805,58,Female,Chittagong
1100,20,Female,Rajshahi
9913,56,Female,Chittagong
8360,48,Male,Rajshahi
8668,46,Male,Rajshahi
3801,64,Female,Dhaka
9249,28,Female,Sylhet
4416,18,Female,Khulna
8753,66,Female,Khulna
3949,58,Female,Dhaka
1057,49,Female,Khulna
8018,34,Male,Sylhet
2435,34,Female,Rajshahi
9543,42,Male,Rajshahi
4230,38,Male,Chittagong
6884,55,Female,Chittagong
8273,62,Female,Khulna
4510,30,Female,Chittagong
9335,49,Female,Rajshahi
7120,41,Female,Sylhet
2095,45,Male,Khulna
4469,65,Male,Dhaka
8672,32,Female,Chittagong
8496,64,Male,Dhaka
9563,58,Female,Chittagong
1280,65,Male,Sylhet
9801,49,Male,Rajshahi
9907,51,Female,Rajshahi
8604,31,Male,Khulna
2865,31,Female,Dhaka
3100,26,Female,Chittagong
8400,43,Female,Sylhet
1573,44,Male,Chittagong
7836,22,Female,Sylhet
9931,40,Male,Khulna
2130,26,Male,Chittagong
4138,54,Female,Rajshahi
2154,53,Female,Rajshahi
4908,49,Female,Khulna
6048,39,Female,Chittagong
5492,23,Male,Sylhet
9463,21,Male,Chittagong
7140,30,Male,Chittagong
8320,25,Male,Khulna
8765,28,Female,Khulna
5546,29,Male,Chittagong
2635,67,Female,Rajshahi
9572,62,Female,Dhaka
8945,54,Female,Rajshahi
7338,43,Female,Dhaka
4690,31,Male,Dhaka
4057,44,Female,Rajshahi
4005,48,Female,Dhaka
1763,42,Male,Khulna
7178,28,Female,Rajshahi
2663,57,Male,Chittagong
2630,37,Female,Khulna
5118,24,Female,Chittagong
5248,22,Female,Sylhet
4162,28,Male,Sylhet
2854,28,Female,Sylhet
2715,34,Male,Rajshahi
8003,50,Female,Dhaka
2019,26,Male,Rajshahi
4672,52,Female,Rajshahi
7762,40,Male,Rajshahi
3803,55,Male,Chittagong
2510,63,Female,Khulna
7930,57,Male,Sylhet
8780,46,Female,Chittagong
1067,29,Male,Sylhet
6273,53,Female,Chittagong
2110,32,Female,Sylhet
4813,55,Male,Khulna
2261,55,Female,Dhaka
7226,43,Female,Sylhet
4706,43,Female,Rajshahi
9879,58,Female,Chittagong
2920,33,Female,Dhaka
2107,70,Female,Sylhet
3853,49,Male,Chittagong
5738,46,Male,Chittagong
1309,69,Male,Sylhet
6803,47,Male,Khulna
9736,69,Female,Sylhet
5018,64,Male,Chittagong
8704,59,Female,Sylhet
4667,45,Male,Rajshahi
3511,33,Female,Chittagong
8217,53,Male,Dhaka
7897,52,Male,Khulna
8494,53,Female,Sylhet
8598,51,Male,Chittagong
8632,30,Male,Chittagong
6906,55,Female,Khulna
2391,34,Male,Chittagong
5374,46,Male,Rajshahi
7015,41,Male,Khulna
6722,23,Female,Dhaka
7221,63,Female,Dhaka
9812,23,Female,Dhaka
9256,44,Female,Dhaka
3108,61,Female,Khulna
4348,22,Male,Chittagong
6251,62,Male,Sylhet
6017,67,Male,Chittagong
1394,68,Female,Sylhet
7755,59,Male,Chittagong
6584,35,Female,Rajshahi
9202,32,Female,Sylhet
8311,35,Male,Chittagong
3185,33,Female,Chittagong
1484,50,Male,Khulna
2422,38,Male,Dhaka
3495,34,Female,Khulna
3800,21,Female,Chittagong
2775,62,Female,Rajshahi
1693,57,Male,Khulna
6395,27,Male,Khulna
4892,25,Female,Khulna
7096,61,Female,Dhaka
9599,47,Female,Khulna
4386,32,Male,Dhaka
3258,66,Male,Rajshahi
2720,47,Male,Dhaka
5176,24,Male,Chittagong
6159,18,Male,Dhaka
6293,60,Male,Rajshahi
5580,42,Female,Dhaka
1526,27,Female,Rajshahi
8309,68,Male,Rajshahi
4559,28,Female,Rajshahi
2734,32,Female,Khulna
4882,36,Male,Rajshahi
2800,20,Female,Khulna
9560,24,Male,Khulna
8086,67,Male,Khulna
9957,25,Male,Khulna
2183,22,Female,Chittagong
1754,29,Male,Rajshahi
3708,64,Female,Rajshahi
7342,52,Male,Dhaka
7507,34,Female,Dhaka
1097,64,Male,Khulna
2560,44,Male,Sylhet
9294,23,Female,Khulna
2953,58,Female,Sylhet
1819,36,Female,Rajshahi
3635,20,Male,Dhaka
4074,27,Male,Khulna
7382,47,Female,Dhaka
5572,51,Female,Dhaka
8462,54,Male,Chittagong
9497,31,Female,Khulna
2862,52,Male,Chittagong
2085,70,Male,Chittagong
3647,63,Female,Dhaka
3168,39,Female,Sylhet
5434,50,Female,Dhaka
7765,63,Female,Sylhet
3375,67,Female,Dhaka
4357,66,Male,Dhaka
9291,23,Male,Rajshahi
9292,42,Male,Sylhet
8573,37,Female,Dhaka
7601,68,Female,Sylhet
1744,40,Male,Dhaka
6513,45,Male,Rajshahi
8664,32,Female,Sylhet
3704,27,Female,Sylhet
7051,34,Male,Sylhet
5867,70,Female,Dhaka
2224,47,Female,Chittagong
5993,62,Female,Sylhet
6137,38,Female,Khulna
3956,51,Male,Chittagong
5358,24,Female,Sylhet
9473,20,Male,Dhaka
2351,22,Male,Dhaka
3419,22,Female,Khulna
5149,43,Male,Sylhet
9898,36,Female,Rajshahi
5706,49,Female,Sylhet
1557,41,Female,Khulna
9687,66,Female,Sylhet
9712,23,Male,Dhaka
2679,40,Female,Dhaka
2779,19,Male,Dhaka
9676,67,Female,Khulna
5273,53,Male,Khulna
5884,42,Male,Chittagong
6763,27,Female,Rajshahi
8186,19,Female,Dhaka
3193,32,Female,Chittagong
1554,26,Male,Rajshahi
5970,29,Female,Chittagong
2124,50,Male,Rajshahi
6927,51,Male,Chittagong
9142,69,Female,Rajshahi
2121,33,Male,Rajshahi
3541,40,Male,Khulna
7103,48,Male,Rajshahi
9541,21,Female,Sylhet
7054,44,Female,Sylhet
3749,30,Female,Sylhet
8691,65,Female,Sylhet
9549,20,Female,Dhaka
3987,65,Female,Khulna
2828,50,Female,Dhaka
2131,59,Female,Chittagong
2188,26,Male,Rajshahi
9608,41,Female,Dhaka
2070,64,Male,Rajshahi
6168,45,Female,Chittagong
5479,27,Male,Sylhet
3262,25,Male,Chittagong
4210,30,Female,Rajshahi
1674,57,Female,Chittagong
7333,67,Female,Chittagong
4902,26,Female,Chittagong
4331,48,Male,Sylhet
2832,58,Female,Dhaka
7899,65,Male,Chittagong
8307,35,Female,Rajshahi
2099,22,Female,Rajshahi
4029,46,Male,Chittagong
8160,30,Female,Chittagong
8788,67,Female,Rajshahi
3721,26,Male,Khulna
4567,65,Female,Sylhet
2562,61,Female,Khulna
7918,28,Female,Rajshahi
9620,20,Female,Sylhet
8071,40,Male,Sylhet
5312,59,Female,Rajshahi
3669,44,Male,Rajshahi
4943,31,Female,Dhaka
6817,56,Female,Dhaka
8178,44,Female,Khulna
2334,48,Male,Khulna
7758,48,Male,Khulna
7229,38,Male,Dhaka
2743,65,Female,Sylhet
8503,70,Male,Rajshahi
6582,63,Female,Rajshahi
1735,38,Female,Chittagong
8510,66,Male,Sylhet
3769,54,Female,Rajshahi
3884,37,Male,Rajshahi
7494,21,Male,Sylhet
9847,67,Female,Dhaka
5208,18,Female,Dhaka
2133,38,Male,Dhaka
9811,56,Female,Chittagong
4208,68,Female,Khulna
6007,32,Female,Khulna
1715,27,Male,Rajshahi
8623,20,Male,Khulna
2273,26,Female,Sylhet
9958,33,Male,Rajshahi
1328,20,Male,Rajshahi
6161,24,Female,Rajshahi
8275,46,Female,Chittagong
6421,36,Male,Dhaka
6693,40,Male,Chittagong
4942,42,Male,Dhaka
5398,41,Female,Sylhet
2904,43,Male,Khulna
4085,49,Male,Dhaka
3019,46,Female,Chittagong
1777,41,Male,Rajshahi
6492,49,Male,Khulna
7941,60,Female,Chittagong
8486,33,Male,Rajshahi
3799,52,Female,Khulna
8089,34,Female,Rajshahi
3422,21,Female,Sylhet
5845,36,Male,Khulna
3429,65,Male,Khulna
7752,49,Male,Sylhet
1811,45,Male,Sylhet
6555,40,Female,Dhaka
5376,26,Female,Rajshahi
2039,22,Male,Chittagong
5007,64,Male,Dhaka
8818,55,Male,Khulna
6054,27,Female,Rajshahi
9136,52,Male,Rajshahi
7295,19,Male,Sylhet
9553,38,Male,Dhaka
9622,41,Female,Chittagong
9027,68,Male,Dhaka
6266,67,Male,Rajshahi
9449,55,Male,Sylhet
1669,46,Male,Chittagong
4245,32,Female,Sylhet
3603,38,Male,Rajshahi
8101,19,Male,Sylhet
7525,58,Male,Rajshahi
2002,41,Male,Sylhet
9126,41,Female,Rajshahi
3883,24,Female,Chittagong
3016,56,Female,Rajshahi
9531,32,Male,Sylhet
3547,42,Female,Rajshahi
5909,20,Female,Sylhet
7350,21,Female,Dhaka
6904,20,Female,Rajshahi
8397,19,Female,Chittagong
7099,36,Male,Chittagong
2299,55,Female,Khulna
1314,66,Female,Rajshahi
6418,24,Female,Sylhet
1967,25,Female,Dhaka
9288,48,Female,Sylhet
4380,32,Male,Dhaka
5929,45,Female,Sylhet
9041,39,Female,Chittagong
7837,42,Male,Sylhet
7853,45,Male,Chittagong
2426,38,Male,Chittagong
9089,53,Female,Rajshahi
9983,28,Female,Khulna
5238,54,Female,Sylhet
1623,39,Male,Dhaka
7185,19,Female,Sylhet
9157,46,Female,Rajshahi
9025,62,Female,Khulna
6370,68,Male,Khulna
6767,35,Male,Khulna
8446,63,Female,Dhaka
5497,62,Female,Chittagong
2803,41,Male,Sylhet
3975,48,Male,Rajshahi
3040,26,Male,Dhaka
1022,60,Female,Khulna
5990,44,Male,Dhaka
8012,42,Male,Dhaka
2414,19,Male,Chittagong
4772,19,Female,Dhaka
9780,47,Female,Chittagong
6768,27,Female,Khulna
4626,34,Male,Sylhet
2718,21,Female,Chittagong
2397,37,Male,Rajshahi
7934,69,Male,Dhaka
3060,66,Female,Dhaka
4505,21,Male,Dhaka
8266,35,Female,Khulna
5024,51,Male,Dhaka
2768,41,Female,Rajshahi
2931,26,Male,Khulna
7104,25,Female,Rajshahi
8241,42,Male,Sylhet
1258,70,Male,Rajshahi
1953,43,Female,Sylhet
4221,46,Female,Khulna
3743,63,Female,Sylhet
8870,57,Male,Dhaka
5555,32,Male,Chittagong
6645,33,Male,Khulna
3393,63,Female,Khulna
1420,63,Female,Sylhet
5420,62,Male,Khulna
9658,37,Male,Rajshahi
3880,27,Female,Dhaka
6878,38,Male,Sylhet
4100,37,Female,Khulna
5133,29,Male,Dhaka
8176,39,Male,Rajshahi
1733,36,Male,Rajshahi
6135,61,Female,Chittagong
3776,43,Male,Chittagong
5139,61,Male,Rajshahi
4495,45,Female,Rajshahi
2960,63,Male,Sylhet
1822,41,Male,Rajshahi
2400,19,Male,Dhaka
1914,30,Male,Rajshahi
3784,35,Female,Khulna
4150,53,Male,Khulna
8766,31,Male,Chittagong
6457,32,Female,Rajshahi
1038,24,Male,Chittagong
8126,49,Female,Dhaka
3559,43,Male,Dhaka
1552,59,Female,Dhaka
6938,40,Female,Khulna
1316,42,Male,Rajshahi
4377,34,Male,Rajshahi
6169,52,Male,Dhaka
5096,46,Male,Chittagong
3505,56,Male,Chittagong
7985,18,Female,Khulna
1433,43,Female,Khulna
4087,40,Male,Sylhet
1987,33,Female,Dhaka
4701,19,Male,Rajshahi
6835,30,Female,Sylhet
1917,44,Female,Khulna
3316,61,Female,Dhaka
2921,47,Male,Khulna
1275,50,Male,Dhaka
9240,32,Female,Sylhet
2648,26,Female,Sylhet
1772,53,Male,Rajshahi
2265,47,Male,Chittagong
2664,55,Female,Chittagong
5991,43,Female,Sylhet
6679,30,Female,Sylhet
1929,66,Female,Dhaka
8543,34,Female,Khulna
7953,69,Male,Khulna
4526,18,Female,Rajshahi
2859,37,Female,Chittagong
3514,67,Male,Khulna
1628,56,Female,Dhaka
8342,29,Female,Dhaka
8926,55,Male,Khulna
2519,48,Male,Khulna
8834,24,Female,Khulna
8786,30,Female,Chittagong
2097,20,Female,Sylhet
1524,35,Male,Sylhet
6291,32,Male,Chittagong
1736,44,Male,Khulna
1592,48,Female,Rajshahi
9371,26,Female,Sylhet
5779,57,Female,Sylhet
8643,69,Male,Sylhet
4093,30,Female,Khulna
7291,22,Male,Rajshahi
8228,56,Male,Dhaka
6911,62,Male,Sylhet
7320,52,Male,Rajshahi
5731,68,Female,Dhaka
9499,21,Female,Sylhet
8873,30,Female,Chittagong
4200,49,Female,Sylhet
1084,55,Male,Khulna
9805,56,Female,Sylhet
2018,42,Female,Chittagong
5310,65,Female,Chittagong
3176,50,Female,Sylhet
2082,18,Male,Rajshahi
1457,25,Female,Sylhet
2100,23,Male,Rajshahi
8212,61,Female,Rajshahi
8741,45,Male,Khulna
8256,51,Male,Khulna
4556,66,Male,Khulna
2213,53,Male,Khulna
3591,32,Male,Sylhet
6183,53,Female,Dhaka
8221,67,Male,Sylhet
6189,69,Female,Dhaka
3580,28,Male,Sylhet
5384,59,Female,Chittagong
8027,25,Female,Chittagong
5968,19,Female,Dhaka
5749,49,Female,Rajshahi
9245,30,Female,Khulna
3290,60,Male,Chittagong
1044,69,Female,Sylhet
5440,42,Male,Chittagong
7625,44,Male,Sylhet
3995,63,Female,Sylhet
8608,20,Female,Chittagong
1264,35,Male,Dhaka
1585,69,Male,Rajshahi
7355,37,Male,Khulna
6855,53,Female,Rajshahi
2903,57,Female,Sylhet
9233,52,Male,Khulna
4420,61,Male,Chittagong
6483,47,Male,Dhaka
4977,53,Male,Dhaka
3915,31,Female,Sylhet
6940,69,Male,Khulna
9991,57,Female,Khulna
2332,35,Female,Chittagong
5143,52,Female,Dhaka
4315,43,Male,Dhaka
8049,60,Female,Chittagong
2186,45,Female,Chittagong
2647,60,Male,Dhaka
1930,54,Male,Chittagong
4280,36,Male,Rajshahi
1151,52,Male,Sylhet
5026,56,Female,Chittagong
3751,54,Male,Dhaka
3632,41,Female,Rajshahi
7411,41,Female,Khulna
4956,55,Female,Sylhet
4371,59,Female,Chittagong
1251,35,Female,Rajshahi
2497,34,Female,Sylhet
6805,70,Female,Sylhet
9621,27,Male,Rajshahi
7243,65,Male,Sylhet
4868,70,Male,Sylhet
1108,58,Male,Dhaka
5806,27,Male,Chittagong
7482,30,Male,Chittagong
8626,45,Female,Rajshahi
3835,50,Female,Sylhet
7074,46,Female,Chittagong
9055,36,Male,Dhaka
5541,66,Female,Dhaka
4700,22,Female,Chittagong
2052,19,Male,Sylhet
9149,52,Male,Dhaka
7575,48,Female,Khulna
7367,61,Female,Rajshahi
7539,42,Female,Dhaka
3153,56,Male,Khulna
3186,50,Female,Rajshahi
5339,47,Female,Rajshahi
6518,21,Male,Chittagong
2875,43,Female,Rajshahi
5413,63,Female,Rajshahi
8095,33,Female,Dhaka
7357,37,Male,Khulna
1518,59,Female,Dhaka
4789,50,Female,Sylhet
9438,25,Male,Dhaka
8290,41,Female,Sylhet
4564,36,Male,Sylhet
1074,48,Female,Rajshahi
4345,18,Male,Chittagong
7581,54,Male,Khulna
1140,37,Male,Khulna
9403,36,Male,Rajshahi
1664,35,Female,Khulna
2354,22,Male,Dhaka
9200,38,Female,Chittagong
3207,47,Male,Rajshahi
9009,41,Male,Rajshahi
3534,22,Female,Rajshahi
1463,40,Male,Rajshahi
2642,63,Female,Rajshahi
3486,68,Male,Dhaka
9297,66,Male,Khulna
6664,24,Male,Rajshahi
6726,23,Male,Dhaka
9545,37,Female,Khulna
4284,24,Female,Sylhet
7799,65,Male,Dhaka
5436,28,Male,Dhaka
4933,51,Male,Dhaka
7577,43,Female,Khulna
7180,27,Male,Rajshahi
8904,67,Male,Sylhet
2074,53,Female,Chittagong
2850,60,Female,Sylhet
3757,32,Female,Dhaka
4646,61,Female,Dhaka
5930,63,Male,Khulna
1934,67,Male,Sylhet
4091,54,Female,Dhaka
8985,70,Female,Sylhet
6509,37,Female,Rajshahi
6467,57,Male,Khulna
2947,58,Male,Khulna
8391,29,Female,Chittagong
5747,37,Female,Dhaka
2090,43,Female,Sylhet
9864,50,Female,Rajshahi
5926,29,Male,Chittagong
9876,37,Female,Dhaka
1483,61,Female,Rajshahi
9030,45,Female,Sylhet
4314,49,Male,Chittagong
2256,27,Male,Dhaka
6686,55,Male,Khulna
4436,66,Female,Chittagong
1490,41,Female,Dhaka
5486,40,Male,Sylhet
5453,30,Female,Sylhet
2523,50,Female,Sylhet
1431,51,Female,Dhaka
7869,61,Female,Khulna
5816,60,Female,Dhaka
1760,40,Male,Khulna
8074,70,Female,Sylhet
9576,62,Female,Khulna
1096,32,Female,Chittagong
7012,64,Female,Rajshahi
2216,21,Male,Khulna
6913,56,Male,Rajshahi
3658,39,Female,Rajshahi
7931,28,Male,Rajshahi
5763,25,Male,Sylhet
8426,61,Male,Dhaka
4276,65,Female,Sylhet
7731,22,Female,Dhaka
1548,63,Female,Chittagong
7336,49,Male,Chittagong
7028,44,Male,Khulna
1925,29,Male,Khulna
1954,61,Female,Rajshahi
3278,69,Male,Chittagong
8076,25,Female,Khulna
8745,25,Male,Chittagong
5027,45,Male,Dhaka
9862,56,Male,Rajshahi
3633,18,Female,Chittagong
1047,42,Female,Khulna
7719,42,Female,Khulna
4433,66,Male,Sylhet
6455,57,Male,Chittagong
4286,35,Male,Dhaka
8047,38,Female,Khulna
2001,38,Female,Rajshahi
6043,38,Male,Rajshahi
3344,33,Male,Rajshahi
9171,65,Female,Chittagong
7100,21,Male,Dhaka
7642,47,Male,Chittagong
9737,64,Male,Dhaka
1700,51,Female,Khulna
5443,33,Female,Rajshahi
4613,63,Male,Rajshahi
5408,42,Female,Khulna
9271,56,Male,Sylhet
6158,39,Female,Dhaka
3270,49,Female,Chittagong
6657,61,Male,Sylhet
8218,35,Female,Khulna
3371,38,Male,Dhaka
1786,43,Male,Khulna
5697,21,Female,Khulna
8527,58,Male,Rajshahi
8968,19,Male,Chittagong
1476,65,Male,Chittagong
9163,29,Female,Rajshahi
9258,24,Male,Khulna
7584,62,Female,Dhaka
4114,21,Male,Rajshahi
4189,40,Female,Dhaka
3795,47,Male,Khulna
5258,58,Male,Chittagong
5633,24,Female,Chittagong
3745,27,Female,Chittagong
7778,18,Male,Rajshahi
5314,48,Male,Dhaka
2178,19,Female,Sylhet
2302,51,Female,Rajshahi
5276,47,Male,Khulna
9068,59,Female,Khulna
7526,20,Male,Chittagong
4742,52,Female,Rajshahi
3677,59,Female,Chittagong
9513,68,Female,Dhaka
7479,70,Female,Chittagong
2545,66,Male,Khulna
1926,23,Female,Sylhet
6399,28,Female,Dhaka
4477,39,Female,Sylhet
3691,64,Male,Sylhet
6097,18,Female,Dhaka
4152,42,Female,Chittagong
7188,46,Female,Dhaka
7155,61,Female,Sylhet
5320,37,Female,Chittagong
1691,18,Female,Chittagong
2223,56,Male,Dhaka
9204,35,Male,Sylhet
9280,52,Female,Khulna
6978,34,Male,Rajshahi
9615,67,Male,Chittagong
4991,43,Male,Sylhet
9649,61,Male,Rajshahi
2707,26,Male,Khulna
9557,54,Female,Chittagong
4827,26,Male,Rajshahi
2908,26,Male,Rajshahi
7942,70,Male,Sylhet
5900,47,Male,Dhaka
1323,54,Female,Khulna
1569,28,Male,Chittagong
9729,58,Male,Chittagong
3150,61,Male,Chittagong
9940,22,Male,Dhaka
3020,31,Female,Khulna
1298,24,Female,Dhaka
7124,48,Male,Chittagong
1935,39,Male,Sylhet
4316,44,Female,Rajshahi
9781,66,Female,Dhaka
8844,50,Male,Khulna
7845,28,Female,Chittagong
4656,19,Male,Khulna
9322,18,Female,Rajshahi
7570,36,Female,Rajshahi
7001,66,Female,Chittagong
3670,24,Male,Chittagong
5655,30,Male,Dhaka
6339,35,Male,Sylhet
3707,27,Male,Dhaka
1351,33,Male,Khulna
8974,35,Male,Khulna
5142,45,Female,Dhaka
3044,25,Female,Dhaka
3809,19,Male,Rajshahi
9037,65,Female,Khulna
1702,26,Male,Rajshahi
3581,30,Female,Dhaka
2127,69,Female,Sylhet
3796,30,Female,Dhaka
1079,43,Female,Dhaka
4452,19,Female,Chittagong
9311,18,Male,Rajshahi
1696,66,Male,Sylhet
7524,58,Male,Dhaka
5739,46,Male,Rajshahi
7827,44,Female,Rajshahi
4129,40,Female,Sylhet
1844,58,Male,Rajshahi
4602,32,Male,Khulna
5632,52,Male,Chittagong
7995,61,Female,Khulna
2263,69,Female,Chittagong
9816,52,Female,Khulna
7377,34,Male,Rajshahi
5204,30,Male,Chittagong
5897,70,Male,Khulna
2613,33,Female,Khulna
4008,18,Male,Dhaka
4332,67,Male,Dhaka
5895,35,Female,Khulna
6827,58,Male,Khulna
9067,20,Female,Rajshahi
2317,22,Female,Dhaka
2901,44,Male,Chittagong
5307,46,Female,Chittagong
9459,70,Male,Rajshahi
7678,26,Male,Rajshahi
9336,39,Male,Rajshahi
3417,56,Male,Rajshahi
4677,59,Male,Rajshahi
4968,35,Female,Rajshahi
4312,58,Female,Sylhet
8953,40,Female,Chittagong
8191,44,Female,Rajshahi
5868,66,Female,Dhaka
6852,51,Male,Rajshahi
4817,18,Male,Chittagong
3125,49,Female,Sylhet
1647,27,Male,Dhaka
4347,18,Male,Chittagong
6283,48,Female,Dhaka
5386,60,Male,Sylhet
1470,46,Male,Dhaka
2561,51,Female,Chittagong
6191,34,Male,Sylhet
5567,25,Male,Khulna
9739,57,Male,Rajshahi
1269,63,Male,Sylhet
3308,32,Male,Sylhet
4857,28,Male,Khulna
4127,28,Male,Dhaka
8383,18,Male,Khulna
7368,70,Female,Chittagong
9442,33,Female,Rajshahi
9125,58,Female,Khulna
2750,48,Female,Khulna
4622,22,Female,Rajshahi
5342,40,Female,Khulna
3202,43,Male,Khulna
5660,56,Male,Chittagong
2837,31,Male,Dhaka
4822,58,Female,Rajshahi
3043,52,Male,Dhaka
8192,63,Male,Dhaka
9490,66,Male,Sylhet
4051,64,Female,Chittagong
5481,61,Male,Sylhet
2941,47,Female,Rajshahi
8294,24,Female,Chittagong
6343,47,Female,Dhaka
2381,23,Male,Dhaka
6554,27,Female,Sylhet
1091,18,Female,Dhaka
3572,43,Male,Rajshahi
8433,25,Male,Khulna
7888,61,Male,Dhaka
8566,64,Female,Dhaka
1216,20,Male,Chittagong
5820,33,Male,Dhaka
7718,30,Female,Chittagong
7949,25,Female,Dhaka
3881,62,Male,Khulna
8562,25,Male,Chittagong
8933,45,Female,Chittagong
7050,32,Female,Khulna
8348,69,Male,Rajshahi
4453,39,Male,Chittagong
5563,68,Female,Sylhet
3782,21,Female,Dhaka
5494,36,Male,Chittagong
8699,26,Male,Sylhet
8103,39,Male,Chittagong
2521,39,Female,Khulna
9484,60,Male,Sylhet
2341,50,Male,Chittagong
9943,45,Female,Chittagong
4387,65,Female,Khulna
4919,30,Male,Chittagong
6475,63,Female,Sylhet
1775,42,Female,Khulna
8481,52,Male,Khulna
5237,64,Male,Chittagong
5796,26,Female,Rajshahi
7329,34,Male,Rajshahi
5221,39,Male,Rajshahi
8590,59,Male,Rajshahi
6433,65,Female,Dhaka
7322,29,Female,Chittagong
3052,21,Female,Chittagong
1220,32,Female,Sylhet
9975,35,Male,Chittagong
2389,28,Male,Rajshahi
2486,23,Male,Chittagong
6762,44,Male,Sylhet
1681,24,Female,Rajshahi
7600,41,Male,Rajshahi
7492,28,Male,Dhaka
5800,57,Female,Chittagong
2989,34,Female,Sylhet
5165,47,Male,Sylhet
4042,36,Female,Khulna
2605,31,Male,Sylhet
6790,65,Male,Sylhet
4875,30,Male,Sylhet
4766,42,Female,Khulna
4424,58,Female,Sylhet
3271,62,Male,Chittagong
1617,42,Male,Chittagong
3103,50,Female,Dhaka
4544,27,Female,Dhaka
4111,26,Male,Dhaka
7906,21,Female,Khulna
4363,49,Female,Khulna
4945,67,Female,Rajshahi
1537,28,Male,Dhaka
9631,34,Male,Dhaka
1863,40,Female,Rajshahi
1855,29,Female,Chittagong
3643,24,Male,Rajshahi
1621,54,Male,Dhaka
1447,41,Female,Rajshahi
9961,37,Female,Khulna
6970,30,Male,Dhaka
6962,36,Male,Sylhet
7864,22,Male,Chittagong
8906,56,Male,Rajshahi
2806,40,Male,Dhaka
9508,44,Male,Sylhet
3441,37,Male,Chittagong
7926,45,Female,Dhaka
6005,32,Male,Rajshahi
5333,68,Male,Sylhet
